first_name,last_name,email,date_of_birth
Cordell,Fadel,ivan.kozey@skileskihn.com,15.1.1980
Mickie,Blanda,magaly@wuckertschroeder.com,19.12.1971
Fredrick,Marks,haan@lehner.io,5.9.1985
Alfredo,Daugherty,delpha@jaskolskibeatty.io,7.3.1979
Errol,Kessler,micah@hegmann.co,18.8.1992
Ron,Willms,marguerita@schumm.net,13.9.1990
Linda,Balistreri,richelle_macgyver@orndietrich.io,24.6.1987
Gabriele,D'Amore,jade@hoeger.name,20.8.1996
Gene,Grant,li@medhurstbednar.biz,1.5.1974
Aisha,Quitzon,danyel@shanahanstanton.info,16.6.1970
Cindi,Stehr,abe.howell@christiansenadams.io,10.11.1974
Moises,Kuvalis,kraig_schowalter@nader.io,2.2.1994
Cathy,Dickinson,kalyn_murazik@padbergmacgyver.io,12.5.1995
Elvia,Ritchie,olen@reynolds.org,9.7.1975
Pauletta,Cummings,reid_leffler@mohr.biz,21.4.1981
Nigel,Labadie,milagros_jacobson@roobgrady.com,4.5.1985
Anderson,Hintz,leigh@murazik.org,29.6.1973
Curtis,Zboncak,donn.schmitt@feeney.info,28.5.1997
Shandi,Pfannerstill,lachelle@stoltenberg.io,15.1.1983
Francoise,Ullrich,kattie_bogisich@jacobs.org,23.2.1999
Cary,Larkin,luis_crist@schmeler.co,9.1.1970
Warner,O'Kon,randal.hodkiewicz@considinelabadie.biz,7.1.1981
Mae,Barton,billy@dubuqueprice.name,5.8.1993
Maynard,Von,reggie_bode@kertzmann.co,2.8.1979
Wilburn,Maggio,chi.hermann@beckerjacobson.com,5.2.1995
Claude,Stiedemann,gia@bergnaum.info,15.6.1979
Dusty,Green,vicenta_upton@sauerromaguera.co,14.4.1987
Lyla,Hilpert,marietta.gislason@littlekreiger.biz,14.1.1972
Judi,Windler,scotty.mcglynn@paucek.com,25.2.1988
Darell,Hoppe,jeanice.white@schuppe.net,19.2.1972
Daren,Koelpin,stacey@wolf.io,6.11.1976
Dewitt,Hermann,ismael.greenholt@toy.org,14.6.1986
Avery,Morissette,lashandra@reingerdenesik.co,2.1.1973
Oliver,Lesch,nelle@langworthquigley.info,21.5.1996
Rana,Jast,vanita_fay@nolan.com,6.10.1983
Jessia,McClure,britany.wilkinson@fisher.com,17.4.1981
Shaniqua,Skiles,kareem@skiles.info,21.8.1981
Joshua,Spinka,gilma_mraz@gusikowskifeil.com,29.4.1977
Candyce,Balistreri,kindra_toy@sauer.net,4.10.1999
Elana,Von,margaretta.larson@hamilllegros.io,1.8.1997
Dick,Kozey,johnson@moriette.io,15.6.1970
Elisha,Kuhlman,phylicia@crist.org,25.5.1980
Terry,Schuppe,royal@mayert.org,18.9.1977
Bryon,O'Connell,elden.kuhn@sipesohara.org,21.5.1972
Ozella,Franecki,brigida@gradytreutel.co,3.6.1980
Linwood,O'Kon,benedict@treutel.io,22.8.1991
Margarito,Miller,theda@tromp.name,29.9.1984
Farah,Kuhlman,vanna@deckow.co,29.12.1970
Adam,Grimes,asa@hamillgorczany.com,17.11.1987
Kelli,Schneider,starla@corkery.co,14.3.1974
Willis,Christiansen,gaylene.kirlin@kulasmedhurst.com,20.4.1977
Wava,Schmidt,homer@klein.org,16.7.1995
Manual,Greenfelder,antoinette_bergstrom@beckervandervort.org,4.3.1998
Tad,Wunsch,junie@schmeler.co,15.7.1987
Azalee,Muller,casimira@kaulkesimonis.io,5.10.1981
Chris,Hand,aurelio.feest@bednar.com,9.10.1970
Kenton,Simonis,ezequiel_kohler@homenick.biz,24.2.1974
Kelsey,Ebert,lucio@herman.biz,21.3.1991
Ka,Altenwerth,isadora_auer@stoltenberghilll.org,3.5.1989
Kenneth,Cormier,matthew@zulauf.com,13.12.1998
Loyce,Bayer,aldo.johns@terry.org,28.3.1970
Eric,Prosacco,ruben_wilderman@lind.co,24.8.1981
Elisabeth,Franecki,lavera@lockmansteuber.name,30.3.1972
Larry,Kling,joaquin_kling@douglas.info,24.7.1989
Branda,Nitzsche,sang@mertzpfannerstill.name,7.5.1970
Mikel,Schneider,inga_cummerata@beer.co,22.6.1995
Yoshie,Labadie,curt.bahringer@welchconroy.org,1.8.1986
Darby,Carroll,bryon.jacobi@herman.co,15.8.1973
Meaghan,Fisher,wilda@lebsack.info,17.6.1990
Ta,Berge,page.collins@rathblock.io,25.10.1977
Rubye,Mosciski,erasmo@stroman.info,25.2.1989
Anisha,Cummings,colton_littel@runolfsdottir.net,30.5.2000
Gaylord,Sawayn,manuel_wuckert@swaniawski.info,23.7.1986
Vanessa,Fisher,coleen_skiles@rempelswaniawski.com,28.11.1999
June,Shields,hertha@reilly.net,1.10.1973
